{"cameraMode":{"drawMode":0,"name":"Shaded","section":"Shading Mode"},"sceneLighting":true,"audioPlay":false,"sceneViewState":{"showFog":true,"showMaterialUpdate":false,"showSkybox":true,"showFlares":true,"showImageEffects":true,"showParticleSystems":true},"in2DMode":false,"pivot":{"x":183.09823608398438,"y":-217.15280151367188,"z":313.8126525878906},"rotation":{"x":0.30675679445266726,"y":0.18822038173675538,"z":-0.062020279467105868,"w":0.9309317469596863},"size":226.52053833007813,"orthographic":false}